FileName,OriginalText,PreprocessedText,Tokens,Sentiment,compound,harsh_label
/content/Marco asensio_extracted.txt,"3/20/25, 8:28 AM Marco Asensio Can Show at Aston Villa He is So Much More Than a Supersub | Opta Analyst
NAT Mar 20 @ 05:00 PM NAT Mar 20 @ 05:00 PM NAT Mar 20 @ 07:45 PM NAT Mar 20 @ 07:45 PM NAT Mar 20 @ 07:45 PM NAT Mar 20 @ 07:45 PM

= ARM 23.7% | DRAW GATUR 51.08 | DRAW Ea RKS 39.4% | DRAW mm BUL 32.28 | DRAW em SVK 44a | DRAW = NED 29.0% | DRAW

++ GEO 53.6% | 22-68 =HUN 24.1% |24-9% B=ISL 34.1% | 26-68 HEIRL 42.3% |25-4% wm SVN 29.1% |26-8% TEs 46.4% | 24.6%

an

< Gap D>

 

FOOTBALL

Marco Asensio Can Show at Aston Villa He is So Much More Than a
supersub

MAR 5, 2025 = ALI TWEEDALE / AUTHOR, ANA GONZALEZ / DESICN, JONNY WHITMORE / DATA VIZ

YO M@ +

90 icc

© TAKE TIME TO THINK:

https://theanalyst.com/2025/03/marco-asensio-aston-villa-goals-champions-league 1/7


3/20/25, 8:28 AM

Marco Asensio Can Show at Aston Villa He is So Much More Than a Supersub | Opta Analyst

Marco Asensio has scored yet again, this time in Aston Villa's Champions League win at Club
Brugge. He is already proving his worth at his new club.

 

Selected by 59 actirise

Certain things happen in football these days that make you feel like you're 10 seasons into an
early 2010s version of Football Manager.

When players went that deep into the computer game, elements of the future were mapped
out in ways that would — at the time - appear entirely unrealistic.

The thing about certain strands of Aston Villa’s recent history, however, is that much of what is
happening at the club now would have surely seemed impossible as recently as just a few years
ago.

In 2021-22, Villa diced with the possibility of relegation from the Premier League, having only
three years before that won promotion back into the top flight.

Now, they are winning Champions League knockout matches with a three-time winner, in
what should be the prime years of his career, coming off the bench to put the icing on the
cake.

Marco Asensio is more than just the proverbial icing on the cake, though. He is more than a
sprinkling of stardust on what could end up being the most memorable season in Villa’s recent
history, and could add the quality to take this team to the next level.

The campaign might not end in qualification for next season’s Champions League (the Opta
supercomputer gives 10th-placed Villa just a 3.9% chance of finishing in the Premier League’s
top five), and winning the whole thing this season is even less likely. But 2024-25 has already
taken in European adventures the club isn’t accustomed to enjoying, and after Tuesday’s 3-1
triumph at Club Brugge they look set to continue their march into the quarter-finals.

That would set up a last-eight tie with Liverpool or Paris Saint-Germain, where Villa would
need to be at their absolute best playing a calibre of match that few of their squad members
would be used to playing in. Asensio isn't one of those players.

The PSG loanee - who would be allowed to face his parent club should they meet in the next
round ~ has plenty of experience at the top of the game, and brings some useful know-how to
the Villa squad.

So far at least, however, since moving to Villa Park, he has had to settle for a bit-part role. For
some, the most remarkable thing about the move isn’t that a player once seemingly destined
for a long and prosperous career with Real Madrid is at Aston Villa at all. It’s that he isn’t
getting into the team.

https://theanalyst.com/2025/03/marco-asensio-aston-villa-goals-champions-league 2/7


3/20/25, 8:28 AM

% of Team Minutes

Marco Asensio Can Show at Aston Villa He is So Much More Than a Supersub | Opta Analyst

The Spaniard has started just three games in all competitions, one of which was the FA Cup tie
against second-tier Cardiff City, while making four substitute appearances. He has completed
90 minutes just once.

It may well be that manager Unai Emery - who is a huge fan of his compatriot, reportedly
making an unsuccessful attempt to sign him in his first season at Villa — is focusing on building
up his match fitness. Asensio barely played in 18 months in Paris, starting just 26 of a possible
84 matches in all competitions, and Emery may want to get him up to speed properly before
giving him a run of games.

 

Selected by 5 actirise

But it also may be that Asensio just isn’t suited to starting every single game. We are now into
the 10th top-flight season of his career, and he hasn't been a regular first-team starter since
the first of those: his final season at Espanyol, way back in 2015-16. He has started more than
half of his team’s league games in only one of the last nine seasons, and even then - for Madrid
in 2020-21 — he only started just over half (21 of 38 games).

He has suffered intermittent injury problems, but aside from one cruciate ligament tear in
2019, injuries certainly haven't been the reason he has played so little. He has usually been
available to play for most of the season - as the below chart shows — but has always been
restricted largely to substitute appearances. Across seven seasons in Madrid, he started 144
games in all competitions and made 142 appearances off the bench. In his final season there, he
was in the matchday squad for 98% of games but played just 36% of minutes.

i a
Marco Asensio 3 Opta Analyst
Club Career Minutes Curve By Season ey
86 98%
ao) 93% 92% O O 92%
869 O 85° Baa Bo % IN THE SQUAD
x O O Oo Oo
75 O O 81% 7o
71% O
50 Oo 56%
51% O
O 46% oO
41% O 41% Oo 5
a \J ax oO % OF MINS PLAYED
25 e) 31% 32%
0 B%
13/14 14/15 15/16 16/17 ms 18/19 19/20 20/21 el/ee 22/23 23/24 24/25 25/26 26/27 27/28
6 @ 6 6 ® ® ® &® &® 6 © @
Season 6
Jonny Whitmore

The problem at the Spanish giants was the competition in the squad. Asensio was never able to
establish himself in the first team and was rarely trusted to start the biggest games. It’s telling
that just 17 of his 59 Champions League appearances for Madrid were starts. With his sub

https://theanalyst.com/2025/03/marco-asensio-aston-villa-goals-champions-league 3/7


3/20/25, 8:28 AM Marco Asensio Can Show at Aston Villa He is So Much More Than a Supersub | Opta Analyst

appearance for Villa this week, he became the first player in the competition’s history to reach
50 substitute appearances, with 71% of his appearances having come from the bench.

a alas
] WVU UES

 

Ad

That’s not to say his impact wasn’t significant at Madrid. He hit double figures for goal
involvements in league games in three seasons there and popped up with some goals on huge
occasions, including one in the 2017 Champions League final win over Juventus. He has more
goals as a substitute (10) than any other player in the history of the Champions League.

He is and always has been so much more than a supersub, but perhaps it shouldn't be a
surprise that he is thriving in a limited role at Villa. After his strike from the penalty spot in the
win at Club Brugge, Asensio now has five goals for the club. Across the top five European
leagues in 2024-25, among players with at least three goals in all competitions, Asensio has the
best minutes-per-goal rate for a single club, having scored on average every 67.6 minutes for
Aston Villa.

https://theanalyst.com/2025/03/marco-asensio-aston-villa-goals-champions-league 4/7


3/20/25, 8:28 AM

 

Marco Asensio Can Show at Aston Villa He is So Much More Than a Supersub | Opta Analyst

Marco Asensio

a

ge

Aston Villa | All Competitions 2024-25 dws Opta Analyst
. ©
goals
oO ® 68 mins per goal
°
oO
338 minutes

He also adds an assured presence to the Villa front line. He has played in games of huge
magnitude and isn’t going to be overawed in pressure situations at Villa. He was the perfect
player to call upon to take that penalty on Tuesday night, putting his effort perfectly in the
corner to beat Simon Mignolet, who had saved from the spot against Ademola Lookman in the
previous round and went the right way again this time. Asensio’s success from the spot means
Villa take a 3-1 lead back to England for the second leg rather than a much more precarious
single-goal lead.

But as well as being more experienced at the top level than his other teammates - Marcus
Rashford included - Asensio is also a different kind of player.

Rashford and Leon Bailey often provide most of their threat on the transition, but Asensio,
while also able to attack at pace, is more comfortable on the ball and better at retaining
possession. That makes him particularly useful late on in games, when teammates are tiring
and the defenders on his team need the attackers to keep hold of the ball. With the pressure
mounting as Brugge tried to complete the turnaround with a second goal, Asensio was a
calming figure.

Ad

Over his 30 minutes and 41 seconds on the pitch (including added time), Asensio completed
every one of his eight passes and didn’t lose possession even once. By comparison, Rashford
(85.2% passing accuracy, nine possession losses) and Bailey (83.3%, six) both fared much worse
in these metrics.

https://theanalyst.com/2025/03/marco-asensio-aston-villa-goals-champions-league

5/7


3/20/25, 8:28 AM Marco Asensio Can Show at Aston Villa He is So Much More Than a Supersub | Opta Analyst

Simply keeping the ball isn’t necessarily what you want from your forward players, though, and
this isn’t to say Bailey - who scored the opening goal - and Rashford didn’t do their jobs
adequately (though Villa looked a much better side after his introduction in Belgium). Losing
the ball comes with the territory for creators. For example, Liverpool's Trent Alexander-Arnold
has lost possession more times (501) than anyone else in the Premier League this season.

But Asensio isn’t just tidy in possession. In Premier League games, he is averaging 4.8 shots or
chances created per 90, and of the 24 players with a higher such rate this season, nobody gives
possession away so infrequently (10.1 possession losses per 90). That is, he tries to make things
happen more than most while also giving the ball away less than his peers.

Of course, he has barely played for Villa, so one can only hope he'll have the chance to prove he
can perform over a significant period of matches at the club.

As he builds up match fitness, we may well see more and more of him. In turn, Asensio could
now have a chance he hasn't had many times before: to show there’s so much more to him than
impact off the bench.

For now, nonetheless, that impact is proving a huge help to Aston Villa.

A UTD

CLICK FOR PLAYER & TEAM STATS, PREDICTIONS AND MORE

 

Subscribe to our football newsletter to receive exclusive weekly content. You should also
follow our social accounts over on X, Instagram, TikTok and Facebook.

RELATED ARTICLES

Pe ae ae

 

“ot ws }
aa aa Tua aC i!
alg Ba

eye te

  

Which Premier League Clubs Will The Most Successful English Will the Premier League Get an A
Qualify for the 2025-26 Clubs Extra Champions League Spotfor — S¢
Champions League? The Opta... 2025-26? Le

T DAY AGO = MATT FURNISS, OLIVER HOPKINS, RYAN BENSON 2 DAYS AGO = OPTA ANALYST 4 DAYS AGO ~—-OOPTA ANALVST 2W

https://theanalyst.com/2025/03/marco-asensio-aston-villa-goals-champions-league 6/7


3/20/25, 8:28 AM Marco Asensio Can Show at Aston Villa He is So Much More Than a Supersub | Opta Analyst

Email Address

 

https://theanalyst.com/2025/03/marco-asensio-aston-villa-goals-champions-league 7/7
","marco asensio aston villa supersub opta analyst nat mar pm nat mar pm nat mar pm nat mar pm nat mar pm nat mar pm arm draw gatur draw ea rk draw mm bul draw em svk draw ned draw geo hun bisl heirl wm svn tes gap d football marco asensio aston villa supersub mar ali tweedale author ana gonzalez desicn jonny whitmore data viz yo m icc © time think httpstheanalystcommarcoasensioastonvillagoalschampionsleague marco asensio aston villa supersub opta analyst marco asensio score time aston villa champion league win club brugge prove worth new club select actirise certain thing happen football day feel like season early s version football manager player go deep computer game element future map way — time appear entirely unrealistic thing certain strand aston villa recent history happen club surely impossible recently year ago villa dice possibility relegation premier league have year win promotion flight win champion league knockout match threetime winner prime year career come bench icing cake marco asensio proverbial icing cake sprinkling stardust end memorable season villa recent history add quality team level campaign end qualification season champion league opta supercomputer gives thplace villa chance finish premier league win thing season likely take european adventure club accustom enjoy tuesday triumph club brugge look set continue march quarterfinal set lasteight tie liverpool paris saintgermain villa need absolute good play calibre match squad member play asensio not player psg loanee allow face parent club meet round plenty experience game bring useful knowhow villa squad far move villa park settle bitpart role remarkable thing player seemingly destine long prosperous career real madrid aston villa get team httpstheanalystcommarcoasensioastonvillagoalschampionsleague team minute marco asensio aston villa supersub opta analyst spaniard start game competition fa cup tie secondti cardiff city make substitute appearance complete minute manager unai emery huge fan compatriot reportedly make unsuccessful attempt sign season villa — focus build match fitness asensio barely play month paris start possible match competition emery want speed properly give run game select actirise asensio suit start single game th topflight season career not regular firstteam starter final season espanyol way start half team league game season madrid — start half game suffer intermittent injury problem aside cruciate ligament tear injury certainly not reason play little usually available play season chart show — restrict largely substitute appearance seven season madrid start game competition appearance bench final season matchday squad game play minute marco asensio opta analyst club career minute curve season ey ao o o o ° baa bo squad x o o oo oo o o o o oo o o oo o oo j ax oo min play e b ms elee ® ® ® ® ® © season jonny whitmore problem spanish giant competition squad asensio able establish team rarely trust start big game tell champion league appearance madrid start sub httpstheanalystcommarcoasensioastonvillagoalschampionsleague marco asensio aston villa supersub opta analyst appearance villa week player competition history reach substitute appearance appearance having come bench alas wvu ue ad impact significant madrid hit double figure goal involvement league game season pop goal huge occasion include champion league final win juventus goal substitute player history champion league supersub not surprise thrive limited role villa strike penalty spot win club brugge asensio goal club european league player goal competition asensio good minutespergoal rate single club having score average minute aston villa httpstheanalystcommarcoasensioastonvillagoalschampionsleague marco asensio aston villa supersub opta analyst marco asensio ge aston villa competition dws opta analyst © goal oo ® min goal ° oo minute add assured presence villa line play game huge magnitude go overawe pressure situation villa perfect player penalty tuesday night put effort perfectly corner beat simon mignolet save spot ademola lookman previous round go right way time asensio success spot mean villa lead england second leg precarious singlegoal lead experienced level teammate marcus rashford include asensio different kind player rashford leon bailey provide threat transition asensio able attack pace comfortable ball well retain possession make particularly useful late game teammate tiring defender team need attacker hold ball pressure mount brugge try complete turnaround second goal asensio calming figure ad minute second pitch include add time asensio complete pass lose possession comparison rashford pass accuracy possession loss bailey fare bad metric httpstheanalystcommarcoasensioastonvillagoalschampionsleague marco asensio aston villa supersub opta analyst simply keep ball necessarily want forward player bailey score opening goal rashford job adequately villa look well introduction belgium lose ball come territory creator example liverpool trent alexanderarnold lose possession time premier league season asensio tidy possession premier league game average shot chance create player high rate season give possession away infrequently possession loss try thing happen give ball away peer course barely play villa hope hell chance prove perform significant period match club build match fitness turn asensio chance not time impact bench nonetheless impact prove huge help aston villa utd click player team stat prediction subscribe football newsletter receive exclusive weekly content follow social account x instagram tiktok facebook related article pe ae ae "" ot ws aa aa tua ac alg ba eye te premier league club successful english premier league qualify club extra champion league spotfor — s¢ champions league opta le t day ago matt furniss oliver hopkins ryan benson day ago opta analyst day ago — oopta analvst w httpstheanalystcommarcoasensioastonvillagoalschampionsleague marco asensio aston villa supersub opta analyst email address httpstheanalystcommarcoasensioastonvillagoalschampionsleague","['am', 'marco', 'asensio', 'can', 'show', 'at', 'aston', 'villa', 'he', 'is', 'so', 'much', 'more', 'than', 'a', 'supersub', 'opta', 'analyst', 'nat', 'mar', 'pm', 'nat', 'mar', 'pm', 'nat', 'mar', 'pm', 'nat', 'mar', 'pm', 'nat', 'mar', 'pm', 'nat', 'mar', 'pm', 'arm', 'draw', 'gatur', 'draw', 'ea', 'rks', 'draw', 'mm', 'bul', 'draw', 'em', 'svk', 'a', 'draw', 'ned', 'draw', 'geo', 'hun', 'bisl', 'heirl', 'wm', 'svn', 'tes', 'an', 'gap', 'd', 'football', 'marco', 'asensio', 'can', 'show', 'at', 'aston', 'villa', 'he', 'is', 'so', 'much', 'more', 'than', 'a', 'supersub', 'mar', 'ali', 'tweedale', 'author', 'ana', 'gonzalez', 'desicn', 'jonny', 'whitmore', 'data', 'viz', 'yo', 'm', 'icc', '©', 'take', 'time', 'to', 'think', 'httpstheanalystcommarcoasensioastonvillagoalschampionsleague', 'am', 'marco', 'asensio', 'can', 'show', 'at', 'aston', 'villa', 'he', 'is', 'so', 'much', 'more', 'than', 'a', 'supersub', 'opta', 'analyst', 'marco', 'asensio', 'has', 'scored', 'yet', 'again', 'this', 'time', 'in', 'aston', 'villa', 'is', 'champions', 'league', 'win', 'at', 'club', 'brugge', 'he', 'is', 'already', 'proving', 'his', 'worth', 'at', 'his', 'new', 'club', 'selected', 'by', 'actirise', 'certain', 'things', 'happen', 'in', 'football', 'these', 'days', 'that', 'make', 'you', 'feel', 'like', 'you', 're', 'seasons', 'into', 'an', 'early', 's', 'version', 'of', 'football', 'manager', 'when', 'players', 'went', 'that', 'deep', 'into', 'the', 'computer', 'game', 'elements', 'of', 'the', 'future', 'were', 'mapped', 'out', 'in', 'ways', 'that', 'would', 'at', 'the', 'time', 'appear', 'entirely', 'unrealistic', 'the', 'thing', 'about', 'certain', 'strands', 'of', 'aston', 'villa', '’s', 'recent', 'history', 'however', 'is', 'that', 'much', 'of', 'what', 'is', 'happening', 'at', 'the', 'club', 'now', 'would', 'have', 'surely', 'seemed', 'impossible', 'as', 'recently', 'as', 'just', 'a', 'few', 'years', 'ago', 'in', 'villa', 'diced', 'with', 'the', 'possibility', 'of', 'relegation', 'from', 'the', 'premier', 'league', 'having', 'only', 'three', 'years', 'before', 'that', 'won', 'promotion', 'back', 'into', 'the', 'top', 'flight', 'now', 'they', 'are', 'winning', 'champions', 'league', 'knockout', 'matches', 'with', 'a', 'threetime', 'winner', 'in', 'what', 'should', 'be', 'the', 'prime', 'years', 'of', 'his', 'career', 'coming', 'off', 'the', 'bench', 'to', 'put', 'the', 'icing', 'on', 'the', 'cake', 'marco', 'asensio', 'is', 'more', 'than', 'just', 'the', 'proverbial', 'icing', 'on', 'the', 'cake', 'though', 'he', 'is', 'more', 'than', 'a', 'sprinkling', 'of', 'stardust', 'on', 'what', 'could', 'end', 'up', 'being', 'the', 'most', 'memorable', 'season', 'in', 'villa', '’s', 'recent', 'history', 'and', 'could', 'add', 'the', 'quality', 'to', 'take', 'this', 'team', 'to', 'the', 'next', 'level', 'the', 'campaign', 'might', 'not', 'end', 'in', 'qualification', 'for', 'next', 'season', '’s', 'champions', 'league', 'the', 'opta', 'supercomputer', 'gives', 'thplaced', 'villa', 'just', 'a', 'chance', 'of', 'finishing', 'in', 'the', 'premier', 'league', '’s', 'top', 'five', 'and', 'winning', 'the', 'whole', 'thing', 'this', 'season', 'is', 'even', 'less', 'likely', 'but', 'has', 'already', 'taken', 'in', 'european', 'adventures', 'the', 'club', 'is', 'n’t', 'accustomed', 'to', 'enjoying', 'and', 'after', 'tuesday', '’s', 'triumph', 'at', 'club', 'brugge', 'they', 'look', 'set', 'to', 'continue', 'their', 'march', 'into', 'the', 'quarterfinals', 'that', 'would', 'set', 'up', 'a', 'lasteight', 'tie', 'with', 'liverpool', 'or', 'paris', 'saintgermain', 'where', 'villa', 'would', 'need', 'to', 'be', 'at', 'their', 'absolute', 'best', 'playing', 'a', 'calibre', 'of', 'match', 'that', 'few', 'of', 'their', 'squad', 'members', 'would', 'be', 'used', 'to', 'playing', 'in', 'asensio', 'is', 'nt', 'one', 'of', 'those', 'players', 'the', 'psg', 'loanee', 'who', 'would', 'be', 'allowed', 'to', 'face', 'his', 'parent', 'club', 'should', 'they', 'meet', 'in', 'the', 'next', 'round', 'has', 'plenty', 'of', 'experience', 'at', 'the', 'top', 'of', 'the', 'game', 'and', 'brings', 'some', 'useful', 'knowhow', 'to', 'the', 'villa', 'squad', 'so', 'far', 'at', 'least', 'however', 'since', 'moving', 'to', 'villa', 'park', 'he', 'has', 'had', 'to', 'settle', 'for', 'a', 'bitpart', 'role', 'for', 'some', 'the', 'most', 'remarkable', 'thing', 'about', 'the', 'move', 'is', 'n’t', 'that', 'a', 'player', 'once', 'seemingly', 'destined', 'for', 'a', 'long', 'and', 'prosperous', 'career', 'with', 'real', 'madrid', 'is', 'at', 'aston', 'villa', 'at', 'all', 'it', '’s', 'that', 'he', 'is', 'n’t', 'getting', 'into', 'the', 'team', 'httpstheanalystcommarcoasensioastonvillagoalschampionsleague', 'am', 'of', 'team', 'minutes', 'marco', 'asensio', 'can', 'show', 'at', 'aston', 'villa', 'he', 'is', 'so', 'much', 'more', 'than', 'a', 'supersub', 'opta', 'analyst', 'the', 'spaniard', 'has', 'started', 'just', 'three', 'games', 'in', 'all', 'competitions', 'one', 'of', 'which', 'was', 'the', 'fa', 'cup', 'tie', 'against', 'secondtier', 'cardiff', 'city', 'while', 'making', 'four', 'substitute', 'appearances', 'he', 'has', 'completed', 'minutes', 'just', 'once', 'it', 'may', 'well', 'be', 'that', 'manager', 'unai', 'emery', 'who', 'is', 'a', 'huge', 'fan', 'of', 'his', 'compatriot', 'reportedly', 'making', 'an', 'unsuccessful', 'attempt', 'to', 'sign', 'him', 'in', 'his', 'first', 'season', 'at', 'villa', 'is', 'focusing', 'on', 'building', 'up', 'his', 'match', 'fitness', 'asensio', 'barely', 'played', 'in', 'months', 'in', 'paris', 'starting', 'just', 'of', 'a', 'possible', 'matches', 'in', 'all', 'competitions', 'and', 'emery', 'may', 'want', 'to', 'get', 'him', 'up', 'to', 'speed', 'properly', 'before', 'giving', 'him', 'a', 'run', 'of', 'games', 'selected', 'by', 'actirise', 'but', 'it', 'also', 'may', 'be', 'that', 'asensio', 'just', 'is', 'n’t', 'suited', 'to', 'starting', 'every', 'single', 'game', 'we', 'are', 'now', 'into', 'the', 'th', 'topflight', 'season', 'of', 'his', 'career', 'and', 'he', 'has', 'nt', 'been', 'a', 'regular', 'firstteam', 'starter', 'since', 'the', 'first', 'of', 'those', 'his', 'final', 'season', 'at', 'espanyol', 'way', 'back', 'in', 'he', 'has', 'started', 'more', 'than', 'half', 'of', 'his', 'team', '’s', 'league', 'games', 'in', 'only', 'one', 'of', 'the', 'last', 'nine', 'seasons', 'and', 'even', 'then', 'for', 'madrid', 'in', 'he', 'only', 'started', 'just', 'over', 'half', 'of', 'games', 'he', 'has', 'suffered', 'intermittent', 'injury', 'problems', 'but', 'aside', 'from', 'one', 'cruciate', 'ligament', 'tear', 'in', 'injuries', 'certainly', 'have', 'nt', 'been', 'the', 'reason', 'he', 'has', 'played', 'so', 'little', 'he', 'has', 'usually', 'been', 'available', 'to', 'play', 'for', 'most', 'of', 'the', 'season', 'as', 'the', 'below', 'chart', 'shows', 'but', 'has', 'always', 'been', 'restricted', 'largely', 'to', 'substitute', 'appearances', 'across', 'seven', 'seasons', 'in', 'madrid', 'he', 'started', 'games', 'in', 'all', 'competitions', 'and', 'made', 'appearances', 'off', 'the', 'bench', 'in', 'his', 'final', 'season', 'there', 'he', 'was', 'in', 'the', 'matchday', 'squad', 'for', 'of', 'games', 'but', 'played', 'just', 'of', 'minutes', 'i', 'a', 'marco', 'asensio', 'opta', 'analyst', 'club', 'career', 'minutes', 'curve', 'by', 'season', 'ey', 'ao', 'o', 'o', 'o', '°', 'baa', 'bo', 'in', 'the', 'squad', 'x', 'o', 'o', 'oo', 'oo', 'o', 'o', 'o', 'o', 'oo', 'o', 'o', 'oo', 'o', 'oo', 'a', 'j', 'ax', 'oo', 'of', 'mins', 'played', 'e', 'b', 'ms', 'elee', '®', '®', '®', '®', '®', '©', 'season', 'jonny', 'whitmore', 'the', 'problem', 'at', 'the', 'spanish', 'giants', 'was', 'the', 'competition', 'in', 'the', 'squad', 'asensio', 'was', 'never', 'able', 'to', 'establish', 'himself', 'in', 'the', 'first', 'team', 'and', 'was', 'rarely', 'trusted', 'to', 'start', 'the', 'biggest', 'games', 'it', '’s', 'telling', 'that', 'just', 'of', 'his', 'champions', 'league', 'appearances', 'for', 'madrid', 'were', 'starts', 'with', 'his', 'sub', 'httpstheanalystcommarcoasensioastonvillagoalschampionsleague', 'am', 'marco', 'asensio', 'can', 'show', 'at', 'aston', 'villa', 'he', 'is', 'so', 'much', 'more', 'than', 'a', 'supersub', 'opta', 'analyst', 'appearance', 'for', 'villa', 'this', 'week', 'he', 'became', 'the', 'first', 'player', 'in', 'the', 'competition', '’s', 'history', 'to', 'reach', 'substitute', 'appearances', 'with', 'of', 'his', 'appearances', 'having', 'come', 'from', 'the', 'bench', 'a', 'alas', 'wvu', 'ues', 'ad', 'that', '’s', 'not', 'to', 'say', 'his', 'impact', 'was', 'n’t', 'significant', 'at', 'madrid', 'he', 'hit', 'double', 'figures', 'for', 'goal', 'involvements', 'in', 'league', 'games', 'in', 'three', 'seasons', 'there', 'and', 'popped', 'up', 'with', 'some', 'goals', 'on', 'huge', 'occasions', 'including', 'one', 'in', 'the', 'champions', 'league', 'final', 'win', 'over', 'juventus', 'he', 'has', 'more', 'goals', 'as', 'a', 'substitute', 'than', 'any', 'other', 'player', 'in', 'the', 'history', 'of', 'the', 'champions', 'league', 'he', 'is', 'and', 'always', 'has', 'been', 'so', 'much', 'more', 'than', 'a', 'supersub', 'but', 'perhaps', 'it', 'should', 'nt', 'be', 'a', 'surprise', 'that', 'he', 'is', 'thriving', 'in', 'a', 'limited', 'role', 'at', 'villa', 'after', 'his', 'strike', 'from', 'the', 'penalty', 'spot', 'in', 'the', 'win', 'at', 'club', 'brugge', 'asensio', 'now', 'has', 'five', 'goals', 'for', 'the', 'club', 'across', 'the', 'top', 'five', 'european', 'leagues', 'in', 'among', 'players', 'with', 'at', 'least', 'three', 'goals', 'in', 'all', 'competitions', 'asensio', 'has', 'the', 'best', 'minutespergoal', 'rate', 'for', 'a', 'single', 'club', 'having', 'scored', 'on', 'average', 'every', 'minutes', 'for', 'aston', 'villa', 'httpstheanalystcommarcoasensioastonvillagoalschampionsleague', 'am', 'marco', 'asensio', 'can', 'show', 'at', 'aston', 'villa', 'he', 'is', 'so', 'much', 'more', 'than', 'a', 'supersub', 'opta', 'analyst', 'marco', 'asensio', 'a', 'ge', 'aston', 'villa', 'all', 'competitions', 'dws', 'opta', 'analyst', '©', 'goals', 'oo', '®', 'mins', 'per', 'goal', '°', 'oo', 'minutes', 'he', 'also', 'adds', 'an', 'assured', 'presence', 'to', 'the', 'villa', 'front', 'line', 'he', 'has', 'played', 'in', 'games', 'of', 'huge', 'magnitude', 'and', 'is', 'n’t', 'going', 'to', 'be', 'overawed', 'in', 'pressure', 'situations', 'at', 'villa', 'he', 'was', 'the', 'perfect', 'player', 'to', 'call', 'upon', 'to', 'take', 'that', 'penalty', 'on', 'tuesday', 'night', 'putting', 'his', 'effort', 'perfectly', 'in', 'the', 'corner', 'to', 'beat', 'simon', 'mignolet', 'who', 'had', 'saved', 'from', 'the', 'spot', 'against', 'ademola', 'lookman', 'in', 'the', 'previous', 'round', 'and', 'went', 'the', 'right', 'way', 'again', 'this', 'time', 'asensio', '’s', 'success', 'from', 'the', 'spot', 'means', 'villa', 'take', 'a', 'lead', 'back', 'to', 'england', 'for', 'the', 'second', 'leg', 'rather', 'than', 'a', 'much', 'more', 'precarious', 'singlegoal', 'lead', 'but', 'as', 'well', 'as', 'being', 'more', 'experienced', 'at', 'the', 'top', 'level', 'than', 'his', 'other', 'teammates', 'marcus', 'rashford', 'included', 'asensio', 'is', 'also', 'a', 'different', 'kind', 'of', 'player', 'rashford', 'and', 'leon', 'bailey', 'often', 'provide', 'most', 'of', 'their', 'threat', 'on', 'the', 'transition', 'but', 'asensio', 'while', 'also', 'able', 'to', 'attack', 'at', 'pace', 'is', 'more', 'comfortable', 'on', 'the', 'ball', 'and', 'better', 'at', 'retaining', 'possession', 'that', 'makes', 'him', 'particularly', 'useful', 'late', 'on', 'in', 'games', 'when', 'teammates', 'are', 'tiring', 'and', 'the', 'defenders', 'on', 'his', 'team', 'need', 'the', 'attackers', 'to', 'keep', 'hold', 'of', 'the', 'ball', 'with', 'the', 'pressure', 'mounting', 'as', 'brugge', 'tried', 'to', 'complete', 'the', 'turnaround', 'with', 'a', 'second', 'goal', 'asensio', 'was', 'a', 'calming', 'figure', 'ad', 'over', 'his', 'minutes', 'and', 'seconds', 'on', 'the', 'pitch', 'including', 'added', 'time', 'asensio', 'completed', 'every', 'one', 'of', 'his', 'eight', 'passes', 'and', 'did', 'n’t', 'lose', 'possession', 'even', 'once', 'by', 'comparison', 'rashford', 'passing', 'accuracy', 'nine', 'possession', 'losses', 'and', 'bailey', 'six', 'both', 'fared', 'much', 'worse', 'in', 'these', 'metrics', 'httpstheanalystcommarcoasensioastonvillagoalschampionsleague', 'am', 'marco', 'asensio', 'can', 'show', 'at', 'aston', 'villa', 'he', 'is', 'so', 'much', 'more', 'than', 'a', 'supersub', 'opta', 'analyst', 'simply', 'keeping', 'the', 'ball', 'is', 'n’t', 'necessarily', 'what', 'you', 'want', 'from', 'your', 'forward', 'players', 'though', 'and', 'this', 'is', 'n’t', 'to', 'say', 'bailey', 'who', 'scored', 'the', 'opening', 'goal', 'and', 'rashford', 'did', 'n’t', 'do', 'their', 'jobs', 'adequately', 'though', 'villa', 'looked', 'a', 'much', 'better', 'side', 'after', 'his', 'introduction', 'in', 'belgium', 'losing', 'the', 'ball', 'comes', 'with', 'the', 'territory', 'for', 'creators', 'for', 'example', 'liverpool', 'is', 'trent', 'alexanderarnold', 'has', 'lost', 'possession', 'more', 'times', 'than', 'anyone', 'else', 'in', 'the', 'premier', 'league', 'this', 'season', 'but', 'asensio', 'is', 'n’t', 'just', 'tidy', 'in', 'possession', 'in', 'premier', 'league', 'games', 'he', 'is', 'averaging', 'shots', 'or', 'chances', 'created', 'per', 'and', 'of', 'the', 'players', 'with', 'a', 'higher', 'such', 'rate', 'this', 'season', 'nobody', 'gives', 'possession', 'away', 'so', 'infrequently', 'possession', 'losses', 'per', 'that', 'is', 'he', 'tries', 'to', 'make', 'things', 'happen', 'more', 'than', 'most', 'while', 'also', 'giving', 'the', 'ball', 'away', 'less', 'than', 'his', 'peers', 'of', 'course', 'he', 'has', 'barely', 'played', 'for', 'villa', 'so', 'one', 'can', 'only', 'hope', 'hell', 'have', 'the', 'chance', 'to', 'prove', 'he', 'can', 'perform', 'over', 'a', 'significant', 'period', 'of', 'matches', 'at', 'the', 'club', 'as', 'he', 'builds', 'up', 'match', 'fitness', 'we', 'may', 'well', 'see', 'more', 'and', 'more', 'of', 'him', 'in', 'turn', 'asensio', 'could', 'now', 'have', 'a', 'chance', 'he', 'has', 'nt', 'had', 'many', 'times', 'before', 'to', 'show', 'there', '’s', 'so', 'much', 'more', 'to', 'him', 'than', 'impact', 'off', 'the', 'bench', 'for', 'now', 'nonetheless', 'that', 'impact', 'is', 'proving', 'a', 'huge', 'help', 'to', 'aston', 'villa', 'a', 'utd', 'click', 'for', 'player', 'team', 'stats', 'predictions', 'and', 'more', 'subscribe', 'to', 'our', 'football', 'newsletter', 'to', 'receive', 'exclusive', 'weekly', 'content', 'you', 'should', 'also', 'follow', 'our', 'social', 'accounts', 'over', 'on', 'x', 'instagram', 'tiktok', 'and', 'facebook', 'related', 'articles', 'pe', 'ae', 'ae', 'ot', 'ws', 'aa', 'aa', 'tua', 'ac', 'i', 'alg', 'ba', 'eye', 'te', 'which', 'premier', 'league', 'clubs', 'will', 'the', 'most', 'successful', 'english', 'will', 'the', 'premier', 'league', 'get', 'an', 'a', 'qualify', 'for', 'the', 'clubs', 'extra', 'champions', 'league', 'spotfor', 's¢', 'champions', 'league', 'the', 'opta', 'le', 't', 'day', 'ago', 'matt', 'furniss', 'oliver', 'hopkins', 'ryan', 'benson', 'days', 'ago', 'opta', 'analyst', 'days', 'ago', 'oopta', 'analvst', 'w', 'httpstheanalystcommarcoasensioastonvillagoalschampionsleague', 'am', 'marco', 'asensio', 'can', 'show', 'at', 'aston', 'villa', 'he', 'is', 'so', 'much', 'more', 'than', 'a', 'supersub', 'opta', 'analyst', 'email', 'address', 'httpstheanalystcommarcoasensioastonvillagoalschampionsleague']","{'neg': 0.068, 'neu': 0.736, 'pos': 0.196, 'compound': 0.9989}",0.9989,0
